[{"id":"user-image-44455700.jpg","publicUrl":"np://user.desktop.nicepage.com/Site_42954424/images/44455700.jpg","size":416112,"fileName":"44455700.jpg","name":"44455700","width":700,"height":525,"thumbnail":{"url":"np://user.desktop.nicepage.com/Site_42954424/images/thumbnails/44455700.jpg","width":250,"height":188}},{"id":"user-image-1.jpg","publicUrl":"np://user.desktop.nicepage.com/Site_42954424/images/1.jpg","size":255543,"fileName":"1.jpg","name":"1","width":1400,"height":1871,"thumbnail":{"url":"np://user.desktop.nicepage.com/Site_42954424/images/thumbnails/1.jpg","width":187,"height":250}},{"id":"user-image-2223150.png","publicUrl":"np://user.desktop.nicepage.com/Site_42954424/images/2223150.png","size":26452,"fileName":"2223150.png","name":"2223150","width":512,"height":512,"thumbnail":{"url":"np://user.desktop.nicepage.com/Site_42954424/images/thumbnails/2223150.png","width":250,"height":250}},{"id":"user-image-vidy-amazonita-e1508792844857.webp","publicUrl":"np://user.desktop.nicepage.com/Site_42954424/images/vidy-amazonita-e1508792844857.webp","size":13046,"fileName":"vidy-amazonita-e1508792844857.webp","name":"vidy-amazonita-e1508792844857","width":696,"height":435,"thumbnail":{"url":"np://user.desktop.nicepage.com/Site_42954424/images/vidy-amazonita-e1508792844857.webp","width":250,"height":156}},{"id":"user-image-rutil-kristalli.jpg","publicUrl":"np://user.desktop.nicepage.com/Site_42954424/images/rutil-kristalli.jpg","size":116289,"fileName":"rutil-kristalli.jpg","name":"rutil-kristalli","width":780,"height":575,"thumbnail":{"url":"np://user.desktop.nicepage.com/Site_42954424/images/thumbnails/rutil-kristalli.jpg","width":250,"height":184}},{"id":"user-image-309px-Montmorillonite-Quartz-pala48a.jpg","publicUrl":"np://user.desktop.nicepage.com/Site_42954424/images/309px-Montmorillonite-Quartz-pala48a.jpg","size":31634,"fileName":"309px-Montmorillonite-Quartz-pala48a.jpg","name":"309px-Montmorillonite-Quartz-pala48a","width":309,"height":320,"thumbnail":{"url":"np://user.desktop.nicepage.com/Site_42954424/images/thumbnails/309px-Montmorillonite-Quartz-pala48a.jpg","width":241,"height":250}},{"id":"user-image-Spinel-257390.jpg","publicUrl":"np://user.desktop.nicepage.com/Site_42954424/images/Spinel-257390.jpg","size":76511,"fileName":"Spinel-257390.jpg","name":"Spinel-257390","width":400,"height":395,"thumbnail":{"url":"np://user.desktop.nicepage.com/Site_42954424/images/thumbnails/Spinel-257390.jpg","width":250,"height":247}},{"id":"user-image-istockphoto-1281475277-612x612.jpg","publicUrl":"np://user.desktop.nicepage.com/Site_42954424/images/istockphoto-1281475277-612x612.jpg","size":21725,"fileName":"istockphoto-1281475277-612x612.jpg","name":"istockphoto-1281475277-612x612","width":612,"height":485,"thumbnail":{"url":"np://user.desktop.nicepage.com/Site_42954424/images/thumbnails/istockphoto-1281475277-612x612.jpg","width":250,"height":198}}]